year,model,variant,n,rps,log_loss,brier,ece,accuracy,auc_ovr
retrospective_2018_2022,elo_logistic,temporally_selected,128.0,0.22083353900362263,1.056078058110273,0.6207891523430065,0.0731302353905471,0.53125,0.6329962334255518
retrospective_2018_2022,full_logistic,temporally_selected,128.0,0.21995866768446692,1.0594796580805257,0.622792842236879,0.10132531436852454,0.5390625,0.638725397461149
retrospective_2018_2022,poisson,temporally_selected,128.0,0.2153473134536238,1.037236242212809,0.6085159713331002,0.0787378296307812,0.5546875,0.6567902551892421
retrospective_2018_2022,dixon_coles,temporally_selected,128.0,0.21542436308461352,1.0379846815311018,0.6086607220964706,0.07332162833733354,0.5546875,0.6569097044490803
retrospective_2018_2022,hist_gradient,temporally_selected,128.0,0.2182115261278718,1.045248281789387,0.6173152051915681,0.11334921966610124,0.546875,0.6309149454533145
retrospective_2018_2022,hist_gradient_raw,temporally_selected,128.0,0.2138934910202744,1.0221886180433475,0.6020832771889931,0.08516647779696786,0.53125,0.6759297627767734
retrospective_2018_2022,hist_gradient_tuned_prior,temporally_selected,128.0,0.21172184444362674,1.0143446758153505,0.5979615483452793,0.093517420609041,0.5390625,0.6802852001855023
retrospective_2018_2022,squad_hist_gradient_dc_prior,temporally_selected,128.0,0.20553383543961568,0.9948988952958531,0.5853317534004577,0.04716167663532435,0.5625,0.6834405108561571
retrospective_2018_2022,market_squad_hist_gradient_dc_prior,temporally_selected,128.0,0.2081853875145141,1.0033737699981378,0.5902686280306421,0.06122300121975244,0.546875,0.690314035846462
retrospective_2018_2022,market_consensus_hybrid,temporally_selected,128.0,0.20758642854031312,1.000604652197037,0.5889459785073379,0.05903459688023434,0.5546875,0.6912004239952151
retrospective_2018_2022,match_stats_hist_gradient,temporally_selected,128.0,0.21490325210399785,1.030755695678577,0.608768384272754,0.08118915434373353,0.5390625,0.6404940637061574
retrospective_2018_2022,match_stats_hist_gradient_dc,temporally_selected,128.0,0.21502039017700247,1.0321925637002045,0.6094022622211892,0.0735814218339206,0.5390625,0.644146996577419
retrospective_2018_2022,hist_gb_classifier,temporally_selected,128.0,0.21988188279866083,1.0777018474273619,0.6234146975693945,0.11187306215399945,0.5546875,0.6378408134742367
retrospective_2018_2022,squad_hist_gb_classifier,temporally_selected,128.0,0.21775893770087504,1.041643340702076,0.6180320381481875,0.10676037445315983,0.5546875,0.6346131576320256
retrospective_2018_2022,squad_xgboost_classifier,temporally_selected,128.0,0.2134646045440414,1.0293658651619817,0.6095925129549118,0.1253168333939594,0.5625,0.6503308265793245
retrospective_2018_2022,squad_lightgbm_classifier,temporally_selected,128.0,0.21423285885650376,1.0209196088467285,0.60724013058717,0.1256950235111197,0.5625,0.6746842536362884
retrospective_2018_2022,xgboost,temporally_selected,128.0,0.21591296625082096,1.0376467960438254,0.6109114540308463,0.06850693174571545,0.5546875,0.6467573713327618
retrospective_2018_2022,lightgbm,temporally_selected,128.0,0.21767823177433304,1.0522804195656978,0.6159657617831993,0.09504419850859262,0.5546875,0.643689846022519
retrospective_2018_2022,catboost,temporally_selected,128.0,0.21791387314522737,1.0439078353810043,0.6157230842509824,0.08362043285932598,0.5546875,0.6479102857328428
retrospective_2018_2022,team_effect_poisson,temporally_selected,128.0,0.21410638435052737,1.0292832067516682,0.607998374623113,0.07395551138611842,0.546875,0.6398700298992573
retrospective_2018_2022,sdr_sir_poisson,temporally_selected,128.0,0.2171418694638549,1.043128108649657,0.6124100622963238,0.1098919409427353,0.5390625,0.6445597097670621
retrospective_2018_2022,sdr_save_poisson,temporally_selected,128.0,0.21638154033291057,1.0407614430446899,0.6108408885752318,0.09624097805099677,0.5546875,0.64554254840781
retrospective_2018_2022,ensemble_super_blend,temporally_selected,128.0,0.21109245934466078,1.0155157839961613,0.6004963080207933,0.15799569855220713,0.5703125,0.6712942713394114
retrospective_2018_2022,top1_accuracy_blend,temporally_selected,128.0,0.21638154033291057,1.0407614430446899,0.6108408885752318,0.09624097805099677,0.5546875,0.64554254840781
development_2006_2014,elo_logistic,model_selection,192.0,0.19739956212064969,1.0036316870949913,0.5998084283333898,0.08778209940223773,0.4895833333333333,0.6562671142994508
development_2006_2014,full_logistic,model_selection,192.0,0.20075636910622072,1.0119685505500364,0.6046813408009236,0.0726590911165532,0.4947916666666667,0.6491340749876187
development_2006_2014,poisson,model_selection,192.0,0.1978389967104799,1.009237531222296,0.6054805054807143,0.09694952184153682,0.5364583333333334,0.6634344508683259
development_2006_2014,dixon_coles,model_selection,192.0,0.19744749127186653,1.0067258564873567,0.6036209891858645,0.10416518458963761,0.5364583333333334,0.6683185153717294
development_2006_2014,hist_gradient,model_selection,192.0,0.19337714829801148,0.9868925107876482,0.5899568369880094,0.05093459189553226,0.5416666666666666,0.686333456663886
development_2006_2014,hist_gradient_raw,model_selection,192.0,0.19337714829801148,0.9868925107876482,0.5899568369880094,0.050934591895532275,0.5416666666666666,0.686333456663886
development_2006_2014,hist_gradient_tuned_prior,model_selection,192.0,0.19378144721469007,0.9875041425115328,0.5906971944076581,0.05443886248966412,0.5364583333333334,0.6856925266665476
development_2006_2014,squad_hist_gradient_dc_prior,model_selection,192.0,0.1968923327066806,1.0017041235540411,0.5988042908871917,0.07037702422252283,0.5208333333333334,0.6715074063076575
development_2006_2014,market_squad_hist_gradient_dc_prior,model_selection,192.0,0.19712369635471247,1.003177549821267,0.6000424732888536,0.08968986935086187,0.5104166666666666,0.670068296707493
development_2006_2014,market_consensus_hybrid,model_selection,192.0,0.19715319313978905,1.0032775256428264,0.6001404674664279,0.07958447874092872,0.515625,0.6702582302307599
development_2006_2014,match_stats_hist_gradient,model_selection,192.0,0.1960277873089836,0.9934877636705471,0.5969418684039902,0.07523929008185323,0.5416666666666666,0.6689139499743062
development_2006_2014,match_stats_hist_gradient_dc,model_selection,192.0,0.19593918296910243,0.9922136048312762,0.5964102423647036,0.0707127621652091,0.546875,0.6687749846771901
development_2006_2014,hist_gb_classifier,model_selection,192.0,0.19309606526765535,0.9912354204900046,0.5897566095916645,0.05475409180817266,0.5104166666666666,0.6764972214238364
development_2006_2014,squad_hist_gb_classifier,model_selection,192.0,0.20219463146826613,1.024757714697391,0.6163864907415144,0.09109120243285422,0.4427083333333333,0.6471757216031606
development_2006_2014,squad_xgboost_classifier,model_selection,192.0,0.19877281081977585,1.0100257771471972,0.6067162041762076,0.08823994561910593,0.4895833333333333,0.6525011172829239
development_2006_2014,squad_lightgbm_classifier,model_selection,192.0,0.2076374476256714,1.0484758272185746,0.6311230401520938,0.09766591010313463,0.4375,0.6392800609989214
development_2006_2014,xgboost,model_selection,192.0,0.19589148252162616,0.9944868716499071,0.5954822113005924,0.0743638168519798,0.5364583333333334,0.6692516651911519
development_2006_2014,lightgbm,model_selection,192.0,0.1951837309020512,0.9924704866225156,0.594391412454513,0.08248082841887447,0.5208333333333334,0.6703484068800764
development_2006_2014,catboost,model_selection,192.0,0.19356766361076497,0.9868828734748307,0.5898239309344887,0.053034058955754984,0.53125,0.6744065841805423
development_2006_2014,team_effect_poisson,model_selection,192.0,0.19804785493020774,1.0043783590146005,0.6020711739426576,0.0663939478603531,0.5416666666666666,0.6569133037848208
development_2006_2014,sdr_sir_poisson,model_selection,192.0,0.19337551807162792,0.9931535103604935,0.592933197430142,0.09159682936353375,0.5364583333333334,0.6650145222894613
development_2006_2014,sdr_save_poisson,model_selection,192.0,0.19132853492374702,0.9883934585721011,0.5884911716056372,0.07352005613053791,0.546875,0.671296767806461
development_2006_2014,ensemble_super_blend,model_selection,192.0,0.20246706693219693,1.0256573519377177,0.616393079166103,0.07817697488418676,0.4791666666666667,0.6475803996995426
development_2006_2014,top1_accuracy_blend,model_selection,192.0,0.19132853492374702,0.9883934585721011,0.5884911716056372,0.07352005613053791,0.546875,0.671296767806461
2006,sdr_save_poisson,walk_forward_diagnostic,64.0,0.17509173558276786,0.9313678662679818,0.5469290060902529,0.052171820400879344,0.59375,0.7237361022307475
2006,poisson,walk_forward_diagnostic,64.0,0.18355604041821194,0.9574005715017647,0.5640248369816668,0.13905252838994725,0.578125,0.7136793863076631
2006,top1_accuracy_blend,walk_forward_diagnostic,64.0,0.17509173558276786,0.9313678662679818,0.5469290060902529,0.052171820400879344,0.59375,0.7237361022307475
2010,sdr_save_poisson,walk_forward_diagnostic,64.0,0.1902271675718487,0.9960763708282742,0.5897578607867617,0.07333678886383636,0.53125,0.701518701903811
2010,poisson,walk_forward_diagnostic,64.0,0.193301872913018,1.0057750242775576,0.5969019456847082,0.1447437991265899,0.5625,0.696063796175422
2010,top1_accuracy_blend,walk_forward_diagnostic,64.0,0.1902271675718487,0.9960763708282742,0.5897578607867617,0.07333678886383636,0.53125,0.701518701903811
2014,sdr_save_poisson,walk_forward_diagnostic,64.0,0.2086667016166245,1.037736138620047,0.6287866479398972,0.1483567363427869,0.515625,0.6186363505656983
2014,poisson,walk_forward_diagnostic,64.0,0.21665907680020968,1.0645369978875663,0.6555147337757681,0.1366187267552421,0.46875,0.6474700747119225
2014,top1_accuracy_blend,walk_forward_diagnostic,64.0,0.2086667016166245,1.037736138620047,0.6287866479398972,0.1483567363427869,0.515625,0.6186363505656983
2018,sdr_save_poisson,walk_forward_diagnostic,64.0,0.21033646661818317,1.0201419686726363,0.5969609636008812,0.1237972063296918,0.546875,0.6598810613989186
2018,poisson,walk_forward_diagnostic,64.0,0.20908842662401425,1.0161864984254847,0.5943253277349128,0.08023610036368604,0.5625,0.6790350819815106
2018,top1_accuracy_blend,walk_forward_diagnostic,64.0,0.21033646661818317,1.0201419686726363,0.5969609636008812,0.1237972063296918,0.546875,0.6598810613989186
2022,sdr_save_poisson,walk_forward_diagnostic,64.0,0.22242661404763797,1.0613809174167437,0.6247208135495823,0.12292957467167452,0.5625,0.6436437624145265
2022,poisson,walk_forward_diagnostic,64.0,0.22160620028323338,1.0582859860001335,0.6227066149312876,0.11598194951401095,0.546875,0.644960361405544
2022,top1_accuracy_blend,walk_forward_diagnostic,64.0,0.22242661404763797,1.0613809174167437,0.6247208135495823,0.12292957467167452,0.5625,0.6436437624145265
walk_forward_2006_2022,sdr_save_poisson,diagnostic,320.0,0.20134973708741244,1.0093406523611366,0.597431058393475,0.058033740230605466,0.55,0.6597569047572894
walk_forward_2006_2022,poisson,diagnostic,320.0,0.20484232340773745,1.0204370156185012,0.6066946918216687,0.08761521279731126,0.54375,0.6586322837987444
walk_forward_2006_2022,top1_accuracy_blend,diagnostic,320.0,0.20134973708741244,1.0093406523611366,0.597431058393475,0.058033740230605466,0.55,0.6597569047572894
